{
    "name": "ds_config_db_sql_server",
    "properties": {
        "linkedServiceName": {
            "referenceName": "ls_sql_azure",
            "type": "LinkedServiceReference",
            "parameters": {
                "p_connection_string_kv_secret_name": {
                    "value": "@dataset().connectionstring",
                    "type": "Expression"
                }
            }
        },
        "parameters": {
            "tablename": {
                "type": "string"
            },
            "schemaname": {
                "type": "string",
                "defaultValue": "dbo"
            },
            "connectionstring": {
                "type": "string"
            }
        },
        "annotations": [],
        "type": "SqlServerTable",
        "schema": [],
        "typeProperties": {
            "schema": {
                "value": "@dataset().schemaname",
                "type": "Expression"
            },
            "table": {
                "value": "@dataset().tablename",
                "type": "Expression"
            }
        }
    },
    "type": "Microsoft.Synapse/workspaces/datasets"
}