{
    "name": "ds_profisee",
    "properties": {
        "linkedServiceName": {
            "referenceName": "ls_hdr_datalandingzone_profisee_sql",
            "type": "LinkedServiceReference"
        },
        "parameters": {
            "tablename": {
                "type": "string"
            },
            "schemaname": {
                "type": "string"
            }
        },
        "annotations": [],
        "type": "AzureSqlTable",
        "schema": [],
        "typeProperties": {
            "schema": {
                "value": "@dataset().schemaname",
                "type": "Expression"
            },
            "table": {
                "value": "@dataset().tablename",
                "type": "Expression"
            }
        }
    },
    "type": "Microsoft.Synapse/workspaces/datasets"
}