{
    "now": "2024-02-05T08:46:06.617Z",
    "perfNow": 959952.6999998093,
    "diagnosticCorrelation": "51a1e637-a3a2-4955-8a9b-b353a95c4d45",
    "source": "DownloadSupportFiles",
    "environment": {
        "productName": "a365",
        "buildVersion": "24.0130.10",
        "environmentType": 9,
        "resourceName": "synws-hdr-datalandingzone-health-synapse-devtest",
        "resourceRegion": "canadacentral",
        "resourceGroup": "rg-hdr-datalandingzone-health-synapse-001",
        "subscriptionId": "c2a58b00-fd0a-4383-be72-b2090238a6f1",
        "sessionId": "t47rF",
        "operationId": "cDdHB",
        "gitType": "VSTS"
    },
    "additionalInfo": {
        "selectedResource": "pl_generic_e2e_execution",
        "selectedResourceType": "pipeline"
    }
}