{
    "name": "pl_generic_e2e_execution",
    "properties": {
        "description": "Pipeline to execute job between SZ to CZ",
        "activities": [
            {
                "name": "get_execution_order",
                "type": "Lookup",
                "dependsOn": [
                    {
                        "activity": "TruncateNdInsertLog",
                        "dependencyConditions": [
                            "Succeeded"
                        ]
                    }
                ],
                "policy": {
                    "timeout": "0.12:00:00",
                    "retry": 0,
                    "retryIntervalInSeconds": 30,
                    "secureOutput": false,
                    "secureInput": false
                },
                "userProperties": [],
                "typeProperties": {
                    "source": {
                        "type": "SqlServerSource",
                        "sqlReaderQuery": {
                            "value": "SELECT ExecutionOrder,pipelinename,pipelineid FROM [dbo].[ADF_DataTransformationRules] where Enabled='True' and Environment = '@{pipeline().parameters.pENVIRONMENT}' group by ExecutionOrder,pipelinename,pipelineid order by Executionorder",
                            "type": "Expression"
                        },
                        "queryTimeout": "02:00:00",
                        "partitionOption": "None"
                    },
                    "dataset": {
                        "referenceName": "ds_config_db_sql_server",
                        "type": "DatasetReference",
                        "parameters": {
                            "tablename": {
                                "value": "ADF_DataTransformationRules",
                                "type": "Expression"
                            },
                            "schemaname": "dbo",
                            "connectionstring": {
                                "value": "@if(equals(pipeline().parameters.pENVIRONMENT,'DEV'),'sqldb-hdr-datalandingzone-health-connection-string','sqldb-hdr-datazonehealth-config-connection-string-prd')",
                                "type": "Expression"
                            }
                        }
                    },
                    "firstRowOnly": false
                }
            },
            {
                "name": "Iterate_through_execution_order",
                "type": "ForEach",
                "dependsOn": [
                    {
                        "activity": "LastExecutionOrder",
                        "dependencyConditions": [
                            "Succeeded"
                        ]
                    }
                ],
                "userProperties": [],
                "typeProperties": {
                    "items": {
                        "value": "@activity('get_execution_order').output.value",
                        "type": "Expression"
                    },
                    "isSequential": true,
                    "activities": [
                        {
                            "name": "Declare_execution_no",
                            "type": "SetVariable",
                            "dependsOn": [],
                            "policy": {
                                "secureOutput": false,
                                "secureInput": false
                            },
                            "userProperties": [],
                            "typeProperties": {
                                "variableName": "execution_no",
                                "value": {
                                    "value": "@string(item().ExecutionOrder)",
                                    "type": "Expression"
                                }
                            }
                        },
                        {
                            "name": "CheckCurrentExecutionFlag",
                            "type": "IfCondition",
                            "dependsOn": [
                                {
                                    "activity": "ReadCurrentExecution",
                                    "dependencyConditions": [
                                        "Succeeded"
                                    ]
                                }
                            ],
                            "userProperties": [],
                            "typeProperties": {
                                "expression": {
                                    "value": "@equals(activity('ReadCurrentExecution').output.count,0)",
                                    "type": "Expression"
                                },
                                "ifTrueActivities": [
                                    {
                                        "name": "ExecuteChildPipelines",
                                        "type": "ExecutePipeline",
                                        "dependsOn": [],
                                        "userProperties": [],
                                        "typeProperties": {
                                            "pipeline": {
                                                "referenceName": "pl_generic_child",
                                                "type": "PipelineReference"
                                            },
                                            "waitOnCompletion": true,
                                            "parameters": {
                                                "p_execution_num": {
                                                    "value": "@variables('execution_no')",
                                                    "type": "Expression"
                                                },
                                                "master_pipeline_run_id": {
                                                    "value": "@variables('master_pipeline_run_id')",
                                                    "type": "Expression"
                                                },
                                                "master_pipeline_name": {
                                                    "value": "@variables('master_pipeline_name')",
                                                    "type": "Expression"
                                                },
                                                "pipeline_id": {
                                                    "value": "@variables('pipeline_id')",
                                                    "type": "Expression"
                                                },
                                                "child_pipeline_name": {
                                                    "value": "@variables('child_pipeline_name')",
                                                    "type": "Expression"
                                                },
                                                "last_execution_order": {
                                                    "value": "@variables('last_execution_order')",
                                                    "type": "Expression"
                                                },
                                                "environment": {
                                                    "value": "@pipeline().parameters.pENVIRONMENT",
                                                    "type": "Expression"
                                                }
                                            }
                                        }
                                    },
                                    {
                                        "name": "CurEXElogMasterPipelineFailed",
                                        "type": "SqlServerStoredProcedure",
                                        "dependsOn": [
                                            {
                                                "activity": "ExecuteChildPipelines",
                                                "dependencyConditions": [
                                                    "Failed"
                                                ]
                                            }
                                        ],
                                        "policy": {
                                            "timeout": "0.12:00:00",
                                            "retry": 0,
                                            "retryIntervalInSeconds": 30,
                                            "secureOutput": false,
                                            "secureInput": false
                                        },
                                        "userProperties": [],
                                        "typeProperties": {
                                            "storedProcedureName": "[dbo].[sp_ConsolidatedLogging]",
                                            "storedProcedureParameters": {
                                                "PipelineRunId": {
                                                    "value": {
                                                        "value": "@variables('master_pipeline_run_id')",
                                                        "type": "Expression"
                                                    },
                                                    "type": "String"
                                                },
                                                "PipelineId": {
                                                    "value": null,
                                                    "type": "Int32"
                                                },
                                                "DatasetId": {
                                                    "value": null,
                                                    "type": "Int32"
                                                },
                                                "PipelineName": {
                                                    "value": {
                                                        "value": "E2EMasterPipeline",
                                                        "type": "Expression"
                                                    },
                                                    "type": "String"
                                                },
                                                "StartDateTime": {
                                                    "value": {
                                                        "value": "@pipeline().TriggerTime",
                                                        "type": "Expression"
                                                    },
                                                    "type": "Datetime"
                                                },
                                                "PipelineStatus": {
                                                    "value": {
                                                        "value": "F",
                                                        "type": "Expression"
                                                    },
                                                    "type": "String"
                                                },
                                                "EndDateTime": {
                                                    "value": {
                                                        "value": "@utcnow()",
                                                        "type": "Expression"
                                                    },
                                                    "type": "Datetime"
                                                },
                                                "ErrorMessage": {
                                                    "value": {
                                                        "value": "@concat('Pipeline execution failed. Check following run id in PipelineDTLog table for more information :',variables('master_pipeline_run_id'))",
                                                        "type": "Expression"
                                                    },
                                                    "type": "String"
                                                },
                                                "TruncateCurrentLogInd": {
                                                    "value": {
                                                        "value": "0",
                                                        "type": "Expression"
                                                    },
                                                    "type": "Int32"
                                                },
                                                "InsertEXELogInd": {
                                                    "value": {
                                                        "value": "0",
                                                        "type": "Expression"
                                                    },
                                                    "type": "Int32"
                                                },
                                                "InsertDTLogInd": {
                                                    "value": {
                                                        "value": "0",
                                                        "type": "Expression"
                                                    },
                                                    "type": "Int32"
                                                },
                                                "InsertCurrentLogInd": {
                                                    "value": {
                                                        "value": "0",
                                                        "type": "Expression"
                                                    },
                                                    "type": "Int32"
                                                },
                                                "UpdateCurrentLogInd": {
                                                    "value": {
                                                        "value": "1",
                                                        "type": "Expression"
                                                    },
                                                    "type": "Int32"
                                                }
                                            }
                                        },
                                        "linkedServiceName": {
                                            "referenceName": "ls_sql_azure",
                                            "type": "LinkedServiceReference",
                                            "parameters": {
                                                "p_connection_string_kv_secret_name": {
                                                    "value": "@if(equals(pipeline().parameters.pENVIRONMENT,'DEV'),'sqldb-hdr-datalandingzone-health-connection-string','sqldb-hdr-datazonehealth-config-connection-string-prd')",
                                                    "type": "Expression"
                                                }
                                            }
                                        }
                                    }
                                ]
                            }
                        },
                        {
                            "name": "set_pipeline_id",
                            "type": "SetVariable",
                            "dependsOn": [],
                            "policy": {
                                "secureOutput": false,
                                "secureInput": false
                            },
                            "userProperties": [],
                            "typeProperties": {
                                "variableName": "pipeline_id",
                                "value": {
                                    "value": "@string(item().PipelineId)",
                                    "type": "Expression"
                                }
                            }
                        },
                        {
                            "name": "set_child_pipeline_name",
                            "type": "SetVariable",
                            "dependsOn": [],
                            "policy": {
                                "secureOutput": false,
                                "secureInput": false
                            },
                            "userProperties": [],
                            "typeProperties": {
                                "variableName": "child_pipeline_name",
                                "value": {
                                    "value": "@item().PipelineName",
                                    "type": "Expression"
                                }
                            }
                        },
                        {
                            "name": "ReadCurrentExecution",
                            "type": "Lookup",
                            "dependsOn": [
                                {
                                    "activity": "Declare_execution_no",
                                    "dependencyConditions": [
                                        "Succeeded"
                                    ]
                                },
                                {
                                    "activity": "set_pipeline_id",
                                    "dependencyConditions": [
                                        "Succeeded"
                                    ]
                                },
                                {
                                    "activity": "set_child_pipeline_name",
                                    "dependencyConditions": [
                                        "Succeeded"
                                    ]
                                }
                            ],
                            "policy": {
                                "timeout": "0.12:00:00",
                                "retry": 0,
                                "retryIntervalInSeconds": 30,
                                "secureOutput": false,
                                "secureInput": false
                            },
                            "userProperties": [],
                            "typeProperties": {
                                "source": {
                                    "type": "SqlServerSource",
                                    "sqlReaderQuery": {
                                        "value": "SELECT * FROM [dbo].[CurrentExecutionDTLog] where PipelineRunId='@{variables('master_pipeline_run_id')}' and PipelineStatus='F'",
                                        "type": "Expression"
                                    },
                                    "queryTimeout": "02:00:00",
                                    "partitionOption": "None"
                                },
                                "dataset": {
                                    "referenceName": "ds_config_db_sql_server",
                                    "type": "DatasetReference",
                                    "parameters": {
                                        "tablename": {
                                            "value": "CurrentExecutionDTLog",
                                            "type": "Expression"
                                        },
                                        "schemaname": "dbo",
                                        "connectionstring": {
                                            "value": "@if(equals(pipeline().parameters.pENVIRONMENT,'DEV'),'sqldb-hdr-datalandingzone-health-connection-string','sqldb-hdr-datazonehealth-config-connection-string-prd')",
                                            "type": "Expression"
                                        }
                                    }
                                },
                                "firstRowOnly": false
                            }
                        }
                    ]
                }
            },
            {
                "name": "get_master_pipeline_runid",
                "type": "SetVariable",
                "dependsOn": [],
                "policy": {
                    "secureOutput": false,
                    "secureInput": false
                },
                "userProperties": [],
                "typeProperties": {
                    "variableName": "master_pipeline_run_id",
                    "value": {
                        "value": "@pipeline().RunId",
                        "type": "Expression"
                    }
                }
            },
            {
                "name": "get_master_pipeline_name",
                "type": "SetVariable",
                "dependsOn": [],
                "policy": {
                    "secureOutput": false,
                    "secureInput": false
                },
                "userProperties": [],
                "typeProperties": {
                    "variableName": "master_pipeline_name",
                    "value": {
                        "value": "@pipeline().Pipeline",
                        "type": "Expression"
                    }
                }
            },
            {
                "name": "get_master_pipeline_trigger",
                "type": "SetVariable",
                "dependsOn": [],
                "policy": {
                    "secureOutput": false,
                    "secureInput": false
                },
                "userProperties": [],
                "typeProperties": {
                    "variableName": "master_pipeline_trigger",
                    "value": {
                        "value": "@pipeline().TriggerName",
                        "type": "Expression"
                    }
                }
            },
            {
                "name": "TruncateNdInsertLog",
                "type": "SqlServerStoredProcedure",
                "dependsOn": [
                    {
                        "activity": "get_master_pipeline_runid",
                        "dependencyConditions": [
                            "Succeeded"
                        ]
                    },
                    {
                        "activity": "get_master_pipeline_name",
                        "dependencyConditions": [
                            "Succeeded"
                        ]
                    },
                    {
                        "activity": "get_master_pipeline_trigger",
                        "dependencyConditions": [
                            "Succeeded"
                        ]
                    }
                ],
                "policy": {
                    "timeout": "0.12:00:00",
                    "retry": 0,
                    "retryIntervalInSeconds": 30,
                    "secureOutput": false,
                    "secureInput": false
                },
                "userProperties": [],
                "typeProperties": {
                    "storedProcedureName": "[dbo].[sp_ConsolidatedLogging]",
                    "storedProcedureParameters": {
                        "PipelineRunId": {
                            "value": {
                                "value": "@variables('master_pipeline_run_id')",
                                "type": "Expression"
                            },
                            "type": "String"
                        },
                        "PipelineId": {
                            "value": null,
                            "type": "Int32"
                        },
                        "DatasetId": {
                            "value": null,
                            "type": "Int32"
                        },
                        "PipelineName": {
                            "value": {
                                "value": "E2EMasterPipeline",
                                "type": "Expression"
                            },
                            "type": "String"
                        },
                        "StartDateTime": {
                            "value": {
                                "value": "@pipeline().TriggerTime",
                                "type": "Expression"
                            },
                            "type": "Datetime"
                        },
                        "PipelineStatus": {
                            "value": {
                                "value": "R",
                                "type": "Expression"
                            },
                            "type": "String"
                        },
                        "EndDateTime": {
                            "value": null,
                            "type": "Datetime"
                        },
                        "ErrorMessage": {
                            "value": {
                                "value": "No Errors",
                                "type": "Expression"
                            },
                            "type": "String"
                        },
                        "TruncateCurrentLogInd": {
                            "value": {
                                "value": "1",
                                "type": "Expression"
                            },
                            "type": "Int32"
                        },
                        "InsertEXELogInd": {
                            "value": {
                                "value": "0",
                                "type": "Expression"
                            },
                            "type": "Int32"
                        },
                        "InsertDTLogInd": {
                            "value": {
                                "value": "0",
                                "type": "Expression"
                            },
                            "type": "Int32"
                        },
                        "InsertCurrentLogInd": {
                            "value": {
                                "value": "1",
                                "type": "Expression"
                            },
                            "type": "Int32"
                        },
                        "UpdateCurrentLogInd": {
                            "value": {
                                "value": "0",
                                "type": "Expression"
                            },
                            "type": "Int32"
                        }
                    }
                },
                "linkedServiceName": {
                    "referenceName": "ls_sql_azure",
                    "type": "LinkedServiceReference",
                    "parameters": {
                        "p_connection_string_kv_secret_name": {
                            "value": "@if(equals(pipeline().parameters.pENVIRONMENT,'DEV'),'sqldb-hdr-datalandingzone-health-connection-string','sqldb-hdr-datazonehealth-config-connection-string-prd')",
                            "type": "Expression"
                        }
                    }
                }
            },
            {
                "name": "LastExecutionOrder",
                "type": "SetVariable",
                "dependsOn": [
                    {
                        "activity": "get_execution_order",
                        "dependencyConditions": [
                            "Succeeded"
                        ]
                    }
                ],
                "policy": {
                    "secureOutput": false,
                    "secureInput": false
                },
                "userProperties": [],
                "typeProperties": {
                    "variableName": "last_execution_order",
                    "value": {
                        "value": "@string(activity('get_execution_order').output.value[add(activity('get_execution_order').output.count,-1)].ExecutionOrder)",
                        "type": "Expression"
                    }
                }
            }
        ],
        "parameters": {
            "pENVIRONMENT": {
                "type": "string",
                "defaultValue": "DEV"
            }
        },
        "variables": {
            "execution_no": {
                "type": "String"
            },
            "master_pipeline_run_id": {
                "type": "String"
            },
            "master_pipeline_name": {
                "type": "String",
                "defaultValue": "pl_generic_e2e_execution"
            },
            "master_pipeline_trigger": {
                "type": "String"
            },
            "pipeline_id": {
                "type": "String"
            },
            "child_pipeline_name": {
                "type": "String"
            },
            "last_execution_order": {
                "type": "String"
            }
        },
        "folder": {
            "name": "Standardized to Curated"
        },
        "annotations": [],
        "lastPublishTime": "2023-08-08T16:13:47Z"
    },
    "type": "Microsoft.Synapse/workspaces/pipelines"
}