{
    "name": "pl_generic_child",
    "properties": {
        "description": "Execute all child notebooks",
        "activities": [
            {
                "name": "ReadAllEnabledTables",
                "type": "Lookup",
                "dependsOn": [],
                "policy": {
                    "timeout": "0.12:00:00",
                    "retry": 0,
                    "retryIntervalInSeconds": 30,
                    "secureOutput": false,
                    "secureInput": false
                },
                "userProperties": [],
                "typeProperties": {
                    "source": {
                        "type": "SqlServerSource",
                        "sqlReaderQuery": {
                            "value": "SELECT * FROM [dbo].[ADF_DataTransformationRules] where Enabled='True' and Environment = '@{pipeline().parameters.environment}'",
                            "type": "Expression"
                        },
                        "queryTimeout": "02:00:00",
                        "partitionOption": "None"
                    },
                    "dataset": {
                        "referenceName": "ds_config_db_sql_server",
                        "type": "DatasetReference",
                        "parameters": {
                            "tablename": {
                                "value": "ADF_DataTransformationRules",
                                "type": "Expression"
                            },
                            "schemaname": "dbo",
                            "connectionstring": {
                                "value": "@if(equals(pipeline().parameters.environment,'DEV'),'sqldb-hdr-datalandingzone-health-connection-string','sqldb-hdr-datazonehealth-config-connection-string-prd')",
                                "type": "Expression"
                            }
                        }
                    },
                    "firstRowOnly": false
                }
            },
            {
                "name": "FilterExecutionNo",
                "type": "Filter",
                "dependsOn": [
                    {
                        "activity": "ReadAllEnabledTables",
                        "dependencyConditions": [
                            "Succeeded"
                        ]
                    }
                ],
                "userProperties": [],
                "typeProperties": {
                    "items": {
                        "value": "@activity('ReadAllEnabledTables').output.value",
                        "type": "Expression"
                    },
                    "condition": {
                        "value": "@equals(string(item().ExecutionOrder),pipeline().parameters.p_execution_num)",
                        "type": "Expression"
                    }
                }
            },
            {
                "name": "IterateThroughTables",
                "type": "ForEach",
                "dependsOn": [
                    {
                        "activity": "Switch1",
                        "dependencyConditions": [
                            "Succeeded"
                        ]
                    }
                ],
                "userProperties": [],
                "typeProperties": {
                    "items": {
                        "value": "@activity('FilterExecutionNo').output.Value",
                        "type": "Expression"
                    },
                    "activities": [
                        {
                            "name": "execute_trans_scripts",
                            "type": "DatabricksNotebook",
                            "dependsOn": [],
                            "policy": {
                                "timeout": "0.12:00:00",
                                "retry": 0,
                                "retryIntervalInSeconds": 30,
                                "secureOutput": false,
                                "secureInput": false
                            },
                            "userProperties": [],
                            "typeProperties": {
                                "notebookPath": {
                                    "value": "@item().Notebookfilepath",
                                    "type": "Expression"
                                },
                                "baseParameters": {
                                    "DestinationTableName": {
                                        "value": "@item().DestinationTableName",
                                        "type": "Expression"
                                    },
                                    "DestinationPathNTable": {
                                        "value": "@concat(item().DestinationPath,item().DestinationTableName)",
                                        "type": "Expression"
                                    },
                                    "KeyAttrName": {
                                        "value": "@item().KeyAttrName",
                                        "type": "Expression"
                                    },
                                    "MasterRunId": {
                                        "value": "@pipeline().parameters.master_pipeline_run_id",
                                        "type": "Expression"
                                    },
                                    "ExecutionOrder": {
                                        "value": "@pipeline().parameters.p_execution_num",
                                        "type": "Expression"
                                    },
                                    "PipelineId": {
                                        "value": "@string(item().PipelineId)",
                                        "type": "Expression"
                                    },
                                    "DatasetId": {
                                        "value": "@string(item().id)",
                                        "type": "Expression"
                                    },
                                    "DestinationPath": {
                                        "value": "@item().DestinationPath",
                                        "type": "Expression"
                                    },
                                    "TransformationType": {
                                        "value": "@item().TransformationType",
                                        "type": "Expression"
                                    },
                                    "SourceTableName": {
                                        "value": "@item().SourceTableName",
                                        "type": "Expression"
                                    },
                                    "GenerateId": {
                                        "value": "@item().GenerateId",
                                        "type": "Expression"
                                    },
                                    "TransfScriptPath": {
                                        "value": "@item().TransfScriptPath",
                                        "type": "Expression"
                                    },
                                    "Environment": {
                                        "value": "@item().Environment",
                                        "type": "Expression"
                                    },
                                    "SrcFullLoadInd": {
                                        "value": "@item().SrcFullLoadInd",
                                        "type": "Expression"
                                    },
                                    "IDLabel": {
                                        "value": "@string(item().IdLabel)",
                                        "type": "Expression"
                                    },
                                    "NumofRetry": {
                                        "value": "@string(int(activity('FilterExecutionNo').output.FilteredItemsCount))",
                                        "type": "Expression"
                                    }
                                }
                            },
                            "linkedServiceName": {
                                "referenceName": "ls_dbricks",
                                "type": "LinkedServiceReference"
                            }
                        },
                        {
                            "name": "NotebookSuccessLog",
                            "type": "SqlServerStoredProcedure",
                            "dependsOn": [
                                {
                                    "activity": "execute_trans_scripts",
                                    "dependencyConditions": [
                                        "Succeeded"
                                    ]
                                }
                            ],
                            "policy": {
                                "timeout": "0.12:00:00",
                                "retry": 0,
                                "retryIntervalInSeconds": 30,
                                "secureOutput": false,
                                "secureInput": false
                            },
                            "userProperties": [],
                            "typeProperties": {
                                "storedProcedureName": "[dbo].[sp_ConsolidatedLogging]",
                                "storedProcedureParameters": {
                                    "PipelineRunId": {
                                        "value": {
                                            "value": "@pipeline().parameters.master_pipeline_run_id",
                                            "type": "Expression"
                                        },
                                        "type": "String"
                                    },
                                    "PipelineId": {
                                        "value": {
                                            "value": "@item().PipelineId",
                                            "type": "Expression"
                                        },
                                        "type": "Int32"
                                    },
                                    "DatasetId": {
                                        "value": {
                                            "value": "@item().Id",
                                            "type": "Expression"
                                        },
                                        "type": "Int32"
                                    },
                                    "PipelineName": {
                                        "value": {
                                            "value": "@item().PipelineName",
                                            "type": "Expression"
                                        },
                                        "type": "String"
                                    },
                                    "StartDateTime": {
                                        "value": {
                                            "value": "@pipeline().TriggerTime",
                                            "type": "Expression"
                                        },
                                        "type": "Datetime"
                                    },
                                    "PipelineStatus": {
                                        "value": {
                                            "value": "S",
                                            "type": "Expression"
                                        },
                                        "type": "String"
                                    },
                                    "EndDateTime": {
                                        "value": {
                                            "value": "@utcnow()",
                                            "type": "Expression"
                                        },
                                        "type": "Datetime"
                                    },
                                    "ErrorMessage": {
                                        "value": {
                                            "value": "No Errors",
                                            "type": "Expression"
                                        },
                                        "type": "String"
                                    },
                                    "TruncateCurrentLogInd": {
                                        "value": {
                                            "value": "0",
                                            "type": "Expression"
                                        },
                                        "type": "Int32"
                                    },
                                    "InsertEXELogInd": {
                                        "value": {
                                            "value": "0",
                                            "type": "Expression"
                                        },
                                        "type": "Int32"
                                    },
                                    "InsertDTLogInd": {
                                        "value": {
                                            "value": "1",
                                            "type": "Expression"
                                        },
                                        "type": "Int32"
                                    },
                                    "InsertCurrentLogInd": {
                                        "value": {
                                            "value": "0",
                                            "type": "Expression"
                                        },
                                        "type": "Int32"
                                    },
                                    "UpdateCurrentLogInd": {
                                        "value": {
                                            "value": "0",
                                            "type": "Expression"
                                        },
                                        "type": "Int32"
                                    }
                                }
                            },
                            "linkedServiceName": {
                                "referenceName": "ls_sql_azure",
                                "type": "LinkedServiceReference",
                                "parameters": {
                                    "p_connection_string_kv_secret_name": {
                                        "value": "@if(equals(pipeline().parameters.environment,'DEV'),'sqldb-hdr-datalandingzone-health-connection-string','sqldb-hdr-datazonehealth-config-connection-string-prd')",
                                        "type": "Expression"
                                    }
                                }
                            }
                        },
                        {
                            "name": "NotebookFailedLog",
                            "type": "SqlServerStoredProcedure",
                            "dependsOn": [
                                {
                                    "activity": "execute_trans_scripts",
                                    "dependencyConditions": [
                                        "Failed"
                                    ]
                                }
                            ],
                            "policy": {
                                "timeout": "0.12:00:00",
                                "retry": 0,
                                "retryIntervalInSeconds": 30,
                                "secureOutput": false,
                                "secureInput": false
                            },
                            "userProperties": [],
                            "typeProperties": {
                                "storedProcedureName": "[dbo].[sp_ConsolidatedLogging]",
                                "storedProcedureParameters": {
                                    "PipelineRunId": {
                                        "value": {
                                            "value": "@pipeline().parameters.master_pipeline_run_id",
                                            "type": "Expression"
                                        },
                                        "type": "String"
                                    },
                                    "PipelineId": {
                                        "value": {
                                            "value": "@item().PipelineId",
                                            "type": "Expression"
                                        },
                                        "type": "Int32"
                                    },
                                    "DatasetId": {
                                        "value": {
                                            "value": "@item().Id",
                                            "type": "Expression"
                                        },
                                        "type": "Int32"
                                    },
                                    "PipelineName": {
                                        "value": {
                                            "value": "@item().PipelineName",
                                            "type": "Expression"
                                        },
                                        "type": "String"
                                    },
                                    "StartDateTime": {
                                        "value": {
                                            "value": "@pipeline().TriggerTime",
                                            "type": "Expression"
                                        },
                                        "type": "Datetime"
                                    },
                                    "PipelineStatus": {
                                        "value": {
                                            "value": "F",
                                            "type": "Expression"
                                        },
                                        "type": "String"
                                    },
                                    "EndDateTime": {
                                        "value": {
                                            "value": "@utcnow()",
                                            "type": "Expression"
                                        },
                                        "type": "Datetime"
                                    },
                                    "ErrorMessage": {
                                        "value": {
                                            "value": "@activity('execute_trans_scripts').output.runError",
                                            "type": "Expression"
                                        },
                                        "type": "String"
                                    },
                                    "TruncateCurrentLogInd": {
                                        "value": {
                                            "value": "0",
                                            "type": "Expression"
                                        },
                                        "type": "Int32"
                                    },
                                    "InsertEXELogInd": {
                                        "value": {
                                            "value": "0",
                                            "type": "Expression"
                                        },
                                        "type": "Int32"
                                    },
                                    "InsertDTLogInd": {
                                        "value": {
                                            "value": "1",
                                            "type": "Expression"
                                        },
                                        "type": "Int32"
                                    },
                                    "InsertCurrentLogInd": {
                                        "value": {
                                            "value": "0",
                                            "type": "Expression"
                                        },
                                        "type": "Int32"
                                    },
                                    "UpdateCurrentLogInd": {
                                        "value": {
                                            "value": "0",
                                            "type": "Expression"
                                        },
                                        "type": "Int32"
                                    }
                                }
                            },
                            "linkedServiceName": {
                                "referenceName": "ls_sql_azure",
                                "type": "LinkedServiceReference",
                                "parameters": {
                                    "p_connection_string_kv_secret_name": {
                                        "value": "@if(equals(pipeline().parameters.environment,'DEV'),'sqldb-hdr-datalandingzone-health-connection-string','sqldb-hdr-datazonehealth-config-connection-string-prd')",
                                        "type": "Expression"
                                    }
                                }
                            }
                        },
                        {
                            "name": "FailNotebook",
                            "type": "Fail",
                            "dependsOn": [
                                {
                                    "activity": "NotebookFailedLog",
                                    "dependencyConditions": [
                                        "Succeeded"
                                    ]
                                }
                            ],
                            "userProperties": [],
                            "typeProperties": {
                                "message": "Notebook Failed",
                                "errorCode": "100"
                            }
                        }
                    ]
                }
            },
            {
                "name": "Switch1",
                "type": "Switch",
                "dependsOn": [
                    {
                        "activity": "FilterExecutionNo",
                        "dependencyConditions": [
                            "Succeeded"
                        ]
                    }
                ],
                "userProperties": [],
                "typeProperties": {
                    "on": {
                        "value": "@pipeline().parameters.p_execution_num",
                        "type": "Expression"
                    },
                    "cases": [
                        {
                            "value": "4",
                            "activities": [
                                {
                                    "name": "ExecuteAddressVerf",
                                    "type": "ExecutePipeline",
                                    "dependsOn": [
                                        {
                                            "activity": "FilterAddressVerf",
                                            "dependencyConditions": [
                                                "Succeeded"
                                            ]
                                        }
                                    ],
                                    "userProperties": [],
                                    "typeProperties": {
                                        "pipeline": {
                                            "referenceName": "pl_profisee_exeaddressverification",
                                            "type": "PipelineReference"
                                        },
                                        "waitOnCompletion": true,
                                        "parameters": {
                                            "environment": {
                                                "value": "@pipeline().parameters.environment",
                                                "type": "Expression"
                                            }
                                        }
                                    }
                                },
                                {
                                    "name": "FilterAddressVerf",
                                    "description": "",
                                    "type": "Filter",
                                    "dependsOn": [],
                                    "userProperties": [],
                                    "typeProperties": {
                                        "items": {
                                            "value": "@activity('FilterExecutionNo').output.Value",
                                            "type": "Expression"
                                        },
                                        "condition": {
                                            "value": "@equals(item().PipelineName,'PL_AddressVerification')",
                                            "type": "Expression"
                                        }
                                    }
                                },
                                {
                                    "name": "FailedAddressVerf",
                                    "type": "SqlServerStoredProcedure",
                                    "dependsOn": [
                                        {
                                            "activity": "ExecuteAddressVerf",
                                            "dependencyConditions": [
                                                "Failed"
                                            ]
                                        }
                                    ],
                                    "policy": {
                                        "timeout": "0.12:00:00",
                                        "retry": 0,
                                        "retryIntervalInSeconds": 30,
                                        "secureOutput": false,
                                        "secureInput": false
                                    },
                                    "userProperties": [],
                                    "typeProperties": {
                                        "storedProcedureName": "[dbo].[sp_ConsolidatedLogging]",
                                        "storedProcedureParameters": {
                                            "PipelineRunId": {
                                                "value": {
                                                    "value": "@pipeline().parameters.master_pipeline_run_id",
                                                    "type": "Expression"
                                                },
                                                "type": "String"
                                            },
                                            "PipelineId": {
                                                "value": {
                                                    "value": "@pipeline().parameters.pipeline_id",
                                                    "type": "Expression"
                                                },
                                                "type": "Int32"
                                            },
                                            "DatasetId": {
                                                "value": {
                                                    "value": "@activity('FilterAddressVerf').output.Value[0].Id",
                                                    "type": "Expression"
                                                },
                                                "type": "Int32"
                                            },
                                            "PipelineName": {
                                                "value": {
                                                    "value": "@activity('FilterAddressVerf').output.Value[0].PipelineName",
                                                    "type": "Expression"
                                                },
                                                "type": "String"
                                            },
                                            "StartDateTime": {
                                                "value": {
                                                    "value": "@pipeline().TriggerTime",
                                                    "type": "Expression"
                                                },
                                                "type": "Datetime"
                                            },
                                            "PipelineStatus": {
                                                "value": {
                                                    "value": "F",
                                                    "type": "Expression"
                                                },
                                                "type": "String"
                                            },
                                            "EndDateTime": {
                                                "value": {
                                                    "value": "@utcnow()",
                                                    "type": "Expression"
                                                },
                                                "type": "Datetime"
                                            },
                                            "ErrorMessage": {
                                                "value": {
                                                    "value": "@concat('Execution of the address verification failed. For more details, kindly check the following runid  monitor :',pipeline().RunId)",
                                                    "type": "Expression"
                                                },
                                                "type": "String"
                                            },
                                            "TruncateCurrentLogInd": {
                                                "value": {
                                                    "value": "0",
                                                    "type": "Expression"
                                                },
                                                "type": "Int32"
                                            },
                                            "InsertEXELogInd": {
                                                "value": {
                                                    "value": "1",
                                                    "type": "Expression"
                                                },
                                                "type": "Int32"
                                            },
                                            "InsertDTLogInd": {
                                                "value": {
                                                    "value": "1",
                                                    "type": "Expression"
                                                },
                                                "type": "Int32"
                                            },
                                            "InsertCurrentLogInd": {
                                                "value": {
                                                    "value": "1",
                                                    "type": "Expression"
                                                },
                                                "type": "Int32"
                                            },
                                            "UpdateCurrentLogInd": {
                                                "value": {
                                                    "value": "0",
                                                    "type": "Expression"
                                                },
                                                "type": "Int32"
                                            }
                                        }
                                    },
                                    "linkedServiceName": {
                                        "referenceName": "ls_sql_azure",
                                        "type": "LinkedServiceReference",
                                        "parameters": {
                                            "p_connection_string_kv_secret_name": {
                                                "value": "@if(equals(pipeline().parameters.environment,'DEV'),'sqldb-hdr-datalandingzone-health-connection-string','sqldb-hdr-datazonehealth-config-connection-string-prd')",
                                                "type": "Expression"
                                            }
                                        }
                                    }
                                },
                                {
                                    "name": "FailAddressVerification",
                                    "type": "Fail",
                                    "dependsOn": [
                                        {
                                            "activity": "FailedAddressVerf",
                                            "dependencyConditions": [
                                                "Succeeded"
                                            ]
                                        }
                                    ],
                                    "userProperties": [],
                                    "typeProperties": {
                                        "message": "Matching Failed",
                                        "errorCode": "100"
                                    }
                                }
                            ]
                        },
                        {
                            "value": "9",
                            "activities": [
                                {
                                    "name": "ExecutePipelineClientMatching",
                                    "type": "ExecutePipeline",
                                    "dependsOn": [
                                        {
                                            "activity": "FilterClientMatching",
                                            "dependencyConditions": [
                                                "Succeeded"
                                            ]
                                        }
                                    ],
                                    "userProperties": [],
                                    "typeProperties": {
                                        "pipeline": {
                                            "referenceName": "pl_profisee_matching_client",
                                            "type": "PipelineReference"
                                        },
                                        "waitOnCompletion": true,
                                        "parameters": {
                                            "environment": {
                                                "value": "@pipeline().parameters.environment",
                                                "type": "Expression"
                                            }
                                        }
                                    }
                                },
                                {
                                    "name": "FilterClientMatching",
                                    "description": "",
                                    "type": "Filter",
                                    "dependsOn": [],
                                    "userProperties": [],
                                    "typeProperties": {
                                        "items": {
                                            "value": "@activity('FilterExecutionNo').output.Value",
                                            "type": "Expression"
                                        },
                                        "condition": {
                                            "value": "@equals(item().PipelineName,'PL_Matching_Cl')",
                                            "type": "Expression"
                                        }
                                    }
                                },
                                {
                                    "name": "FailedClientMatching",
                                    "type": "SqlServerStoredProcedure",
                                    "dependsOn": [
                                        {
                                            "activity": "ExecutePipelineClientMatching",
                                            "dependencyConditions": [
                                                "Failed"
                                            ]
                                        }
                                    ],
                                    "policy": {
                                        "timeout": "0.12:00:00",
                                        "retry": 0,
                                        "retryIntervalInSeconds": 30,
                                        "secureOutput": false,
                                        "secureInput": false
                                    },
                                    "userProperties": [],
                                    "typeProperties": {
                                        "storedProcedureName": "[dbo].[sp_ConsolidatedLogging]",
                                        "storedProcedureParameters": {
                                            "PipelineRunId": {
                                                "value": {
                                                    "value": "@pipeline().parameters.master_pipeline_run_id",
                                                    "type": "Expression"
                                                },
                                                "type": "String"
                                            },
                                            "PipelineId": {
                                                "value": {
                                                    "value": "@pipeline().parameters.pipeline_id",
                                                    "type": "Expression"
                                                },
                                                "type": "Int32"
                                            },
                                            "DatasetId": {
                                                "value": {
                                                    "value": "@activity('FilterClientMatching').output.Value[0].Id",
                                                    "type": "Expression"
                                                },
                                                "type": "Int32"
                                            },
                                            "PipelineName": {
                                                "value": {
                                                    "value": "@activity('FilterClientMatching').output.Value[0].PipelineName",
                                                    "type": "Expression"
                                                },
                                                "type": "String"
                                            },
                                            "StartDateTime": {
                                                "value": {
                                                    "value": "@pipeline().TriggerTime",
                                                    "type": "Expression"
                                                },
                                                "type": "Datetime"
                                            },
                                            "PipelineStatus": {
                                                "value": {
                                                    "value": "F",
                                                    "type": "Expression"
                                                },
                                                "type": "String"
                                            },
                                            "EndDateTime": {
                                                "value": {
                                                    "value": "@utcnow()",
                                                    "type": "Expression"
                                                },
                                                "type": "Datetime"
                                            },
                                            "ErrorMessage": {
                                                "value": {
                                                    "value": "@concat('Execution of the client matching failed. For more details, kindly check the following runid  monitor :',pipeline().RunId)",
                                                    "type": "Expression"
                                                },
                                                "type": "String"
                                            },
                                            "TruncateCurrentLogInd": {
                                                "value": {
                                                    "value": "0",
                                                    "type": "Expression"
                                                },
                                                "type": "Int32"
                                            },
                                            "InsertEXELogInd": {
                                                "value": {
                                                    "value": "1",
                                                    "type": "Expression"
                                                },
                                                "type": "Int32"
                                            },
                                            "InsertDTLogInd": {
                                                "value": {
                                                    "value": "1",
                                                    "type": "Expression"
                                                },
                                                "type": "Int32"
                                            },
                                            "InsertCurrentLogInd": {
                                                "value": {
                                                    "value": "1",
                                                    "type": "Expression"
                                                },
                                                "type": "Int32"
                                            },
                                            "UpdateCurrentLogInd": {
                                                "value": {
                                                    "value": "0",
                                                    "type": "Expression"
                                                },
                                                "type": "Int32"
                                            }
                                        }
                                    },
                                    "linkedServiceName": {
                                        "referenceName": "ls_sql_azure",
                                        "type": "LinkedServiceReference",
                                        "parameters": {
                                            "p_connection_string_kv_secret_name": {
                                                "value": "@if(equals(pipeline().parameters.environment,'DEV'),'sqldb-hdr-datalandingzone-health-connection-string','sqldb-hdr-datazonehealth-config-connection-string-prd')",
                                                "type": "Expression"
                                            }
                                        }
                                    }
                                },
                                {
                                    "name": "FailMatchingClient",
                                    "type": "Fail",
                                    "dependsOn": [
                                        {
                                            "activity": "FailedClientMatching",
                                            "dependencyConditions": [
                                                "Succeeded"
                                            ]
                                        }
                                    ],
                                    "userProperties": [],
                                    "typeProperties": {
                                        "message": "Matching Failed",
                                        "errorCode": "100"
                                    }
                                }
                            ]
                        },
                        {
                            "value": "5",
                            "activities": [
                                {
                                    "name": "ExecuteAddressMatching",
                                    "type": "ExecutePipeline",
                                    "dependsOn": [
                                        {
                                            "activity": "FilterAddressMatching",
                                            "dependencyConditions": [
                                                "Succeeded"
                                            ]
                                        }
                                    ],
                                    "userProperties": [],
                                    "typeProperties": {
                                        "pipeline": {
                                            "referenceName": "pl_profisee_matching_address",
                                            "type": "PipelineReference"
                                        },
                                        "waitOnCompletion": true,
                                        "parameters": {
                                            "environment": {
                                                "value": "@pipeline().parameters.environment",
                                                "type": "Expression"
                                            }
                                        }
                                    }
                                },
                                {
                                    "name": "FilterAddressMatching",
                                    "description": "",
                                    "type": "Filter",
                                    "dependsOn": [],
                                    "userProperties": [],
                                    "typeProperties": {
                                        "items": {
                                            "value": "@activity('FilterExecutionNo').output.Value",
                                            "type": "Expression"
                                        },
                                        "condition": {
                                            "value": "@equals(item().PipelineName,'PL_AddressMatching')",
                                            "type": "Expression"
                                        }
                                    }
                                },
                                {
                                    "name": "FailedAddressMatching",
                                    "type": "SqlServerStoredProcedure",
                                    "dependsOn": [
                                        {
                                            "activity": "ExecuteAddressMatching",
                                            "dependencyConditions": [
                                                "Failed"
                                            ]
                                        }
                                    ],
                                    "policy": {
                                        "timeout": "0.12:00:00",
                                        "retry": 0,
                                        "retryIntervalInSeconds": 30,
                                        "secureOutput": false,
                                        "secureInput": false
                                    },
                                    "userProperties": [],
                                    "typeProperties": {
                                        "storedProcedureName": "[dbo].[sp_ConsolidatedLogging]",
                                        "storedProcedureParameters": {
                                            "PipelineRunId": {
                                                "value": {
                                                    "value": "@pipeline().parameters.master_pipeline_run_id",
                                                    "type": "Expression"
                                                },
                                                "type": "String"
                                            },
                                            "PipelineId": {
                                                "value": {
                                                    "value": "@pipeline().parameters.pipeline_id",
                                                    "type": "Expression"
                                                },
                                                "type": "Int32"
                                            },
                                            "DatasetId": {
                                                "value": {
                                                    "value": "@activity('FilterAddressMatching').output.Value[0].Id",
                                                    "type": "Expression"
                                                },
                                                "type": "Int32"
                                            },
                                            "PipelineName": {
                                                "value": {
                                                    "value": "@activity('FilterAddressMatching').output.Value[0].PipelineName",
                                                    "type": "Expression"
                                                },
                                                "type": "String"
                                            },
                                            "StartDateTime": {
                                                "value": {
                                                    "value": "@pipeline().TriggerTime",
                                                    "type": "Expression"
                                                },
                                                "type": "Datetime"
                                            },
                                            "PipelineStatus": {
                                                "value": {
                                                    "value": "F",
                                                    "type": "Expression"
                                                },
                                                "type": "String"
                                            },
                                            "EndDateTime": {
                                                "value": {
                                                    "value": "@utcnow()",
                                                    "type": "Expression"
                                                },
                                                "type": "Datetime"
                                            },
                                            "ErrorMessage": {
                                                "value": {
                                                    "value": "@concat('Execution of the address matching failed. For more details, kindly check the following runid  monitor :',pipeline().RunId)",
                                                    "type": "Expression"
                                                },
                                                "type": "String"
                                            },
                                            "TruncateCurrentLogInd": {
                                                "value": {
                                                    "value": "0",
                                                    "type": "Expression"
                                                },
                                                "type": "Int32"
                                            },
                                            "InsertEXELogInd": {
                                                "value": {
                                                    "value": "1",
                                                    "type": "Expression"
                                                },
                                                "type": "Int32"
                                            },
                                            "InsertDTLogInd": {
                                                "value": {
                                                    "value": "1",
                                                    "type": "Expression"
                                                },
                                                "type": "Int32"
                                            },
                                            "InsertCurrentLogInd": {
                                                "value": {
                                                    "value": "1",
                                                    "type": "Expression"
                                                },
                                                "type": "Int32"
                                            },
                                            "UpdateCurrentLogInd": {
                                                "value": {
                                                    "value": "0",
                                                    "type": "Expression"
                                                },
                                                "type": "Int32"
                                            }
                                        }
                                    },
                                    "linkedServiceName": {
                                        "referenceName": "ls_sql_azure",
                                        "type": "LinkedServiceReference",
                                        "parameters": {
                                            "p_connection_string_kv_secret_name": {
                                                "value": "@if(equals(pipeline().parameters.environment,'DEV'),'sqldb-hdr-datalandingzone-health-connection-string','sqldb-hdr-datazonehealth-config-connection-string-prd')",
                                                "type": "Expression"
                                            }
                                        }
                                    }
                                },
                                {
                                    "name": "FailMatchingAddress",
                                    "type": "Fail",
                                    "dependsOn": [
                                        {
                                            "activity": "FailedAddressMatching",
                                            "dependencyConditions": [
                                                "Succeeded"
                                            ]
                                        }
                                    ],
                                    "userProperties": [],
                                    "typeProperties": {
                                        "message": "Matching Failed",
                                        "errorCode": "100"
                                    }
                                }
                            ]
                        },
                        {
                            "value": "10",
                            "activities": [
                                {
                                    "name": "ExecutePipelineProvider",
                                    "type": "ExecutePipeline",
                                    "dependsOn": [
                                        {
                                            "activity": "FilterProvidertMatching",
                                            "dependencyConditions": [
                                                "Succeeded"
                                            ]
                                        }
                                    ],
                                    "userProperties": [],
                                    "typeProperties": {
                                        "pipeline": {
                                            "referenceName": "pl_profisee_matching_provider",
                                            "type": "PipelineReference"
                                        },
                                        "waitOnCompletion": true,
                                        "parameters": {
                                            "environment": {
                                                "value": "@pipeline().parameters.environment",
                                                "type": "Expression"
                                            }
                                        }
                                    }
                                },
                                {
                                    "name": "FilterProvidertMatching",
                                    "description": "",
                                    "type": "Filter",
                                    "dependsOn": [],
                                    "userProperties": [],
                                    "typeProperties": {
                                        "items": {
                                            "value": "@activity('FilterExecutionNo').output.Value",
                                            "type": "Expression"
                                        },
                                        "condition": {
                                            "value": "@equals(item().PipelineName,'PL_Matching_Pr')",
                                            "type": "Expression"
                                        }
                                    }
                                },
                                {
                                    "name": "FailedProviderMatching",
                                    "type": "SqlServerStoredProcedure",
                                    "dependsOn": [
                                        {
                                            "activity": "ExecutePipelineProvider",
                                            "dependencyConditions": [
                                                "Failed"
                                            ]
                                        }
                                    ],
                                    "policy": {
                                        "timeout": "0.12:00:00",
                                        "retry": 0,
                                        "retryIntervalInSeconds": 30,
                                        "secureOutput": false,
                                        "secureInput": false
                                    },
                                    "userProperties": [],
                                    "typeProperties": {
                                        "storedProcedureName": "[dbo].[sp_ConsolidatedLogging]",
                                        "storedProcedureParameters": {
                                            "PipelineRunId": {
                                                "value": {
                                                    "value": "@pipeline().parameters.master_pipeline_run_id",
                                                    "type": "Expression"
                                                },
                                                "type": "String"
                                            },
                                            "PipelineId": {
                                                "value": {
                                                    "value": "@pipeline().parameters.pipeline_id",
                                                    "type": "Expression"
                                                },
                                                "type": "Int32"
                                            },
                                            "DatasetId": {
                                                "value": {
                                                    "value": "@activity('FilterProvidertMatching').output.Value[0].Id",
                                                    "type": "Expression"
                                                },
                                                "type": "Int32"
                                            },
                                            "PipelineName": {
                                                "value": {
                                                    "value": "@activity('FilterProvidertMatching').output.Value[0].PipelineName",
                                                    "type": "Expression"
                                                },
                                                "type": "String"
                                            },
                                            "StartDateTime": {
                                                "value": {
                                                    "value": "@pipeline().TriggerTime",
                                                    "type": "Expression"
                                                },
                                                "type": "Datetime"
                                            },
                                            "PipelineStatus": {
                                                "value": {
                                                    "value": "F",
                                                    "type": "Expression"
                                                },
                                                "type": "String"
                                            },
                                            "EndDateTime": {
                                                "value": {
                                                    "value": "@utcnow()",
                                                    "type": "Expression"
                                                },
                                                "type": "Datetime"
                                            },
                                            "ErrorMessage": {
                                                "value": {
                                                    "value": "@concat('Execution of the provider matching failed. For more details, kindly check the following runid  monitor :',pipeline().RunId)",
                                                    "type": "Expression"
                                                },
                                                "type": "String"
                                            },
                                            "TruncateCurrentLogInd": {
                                                "value": {
                                                    "value": "0",
                                                    "type": "Expression"
                                                },
                                                "type": "Int32"
                                            },
                                            "InsertEXELogInd": {
                                                "value": {
                                                    "value": "1",
                                                    "type": "Expression"
                                                },
                                                "type": "Int32"
                                            },
                                            "InsertDTLogInd": {
                                                "value": {
                                                    "value": "1",
                                                    "type": "Expression"
                                                },
                                                "type": "Int32"
                                            },
                                            "InsertCurrentLogInd": {
                                                "value": {
                                                    "value": "1",
                                                    "type": "Expression"
                                                },
                                                "type": "Int32"
                                            },
                                            "UpdateCurrentLogInd": {
                                                "value": {
                                                    "value": "0",
                                                    "type": "Expression"
                                                },
                                                "type": "Int32"
                                            }
                                        }
                                    },
                                    "linkedServiceName": {
                                        "referenceName": "ls_sql_azure",
                                        "type": "LinkedServiceReference",
                                        "parameters": {
                                            "p_connection_string_kv_secret_name": {
                                                "value": "@if(equals(pipeline().parameters.environment,'DEV'),'sqldb-hdr-datalandingzone-health-connection-string','sqldb-hdr-datazonehealth-config-connection-string-prd')",
                                                "type": "Expression"
                                            }
                                        }
                                    }
                                },
                                {
                                    "name": "FailProvMatching",
                                    "type": "Fail",
                                    "dependsOn": [
                                        {
                                            "activity": "FailedProviderMatching",
                                            "dependencyConditions": [
                                                "Succeeded"
                                            ]
                                        }
                                    ],
                                    "userProperties": [],
                                    "typeProperties": {
                                        "message": "Matching Failed",
                                        "errorCode": "100"
                                    }
                                }
                            ]
                        }
                    ],
                    "defaultActivities": [
                        {
                            "name": "Wait1",
                            "type": "Wait",
                            "dependsOn": [],
                            "userProperties": [],
                            "typeProperties": {
                                "waitTimeInSeconds": 1
                            }
                        }
                    ]
                }
            },
            {
                "name": "IterateThroughStoredProcedures",
                "type": "ForEach",
                "dependsOn": [
                    {
                        "activity": "IterateThroughTables",
                        "dependencyConditions": [
                            "Succeeded"
                        ]
                    }
                ],
                "userProperties": [],
                "typeProperties": {
                    "items": {
                        "value": "@activity('FilterExecutionNo').output.Value",
                        "type": "Expression"
                    },
                    "isSequential": true,
                    "activities": [
                        {
                            "name": "ProfiseeStoredProcedure",
                            "type": "SetVariable",
                            "dependsOn": [],
                            "policy": {
                                "secureOutput": false,
                                "secureInput": false
                            },
                            "userProperties": [],
                            "typeProperties": {
                                "variableName": "profisee_stored_procedure",
                                "value": {
                                    "value": "@item().ProfiseeSP",
                                    "type": "Expression"
                                }
                            }
                        },
                        {
                            "name": "CheckExecutionNumber",
                            "type": "IfCondition",
                            "dependsOn": [
                                {
                                    "activity": "ProfiseeStoredProcedure",
                                    "dependencyConditions": [
                                        "Succeeded"
                                    ]
                                }
                            ],
                            "userProperties": [],
                            "typeProperties": {
                                "expression": {
                                    "value": "@or(equals(pipeline().parameters.p_execution_num,'3'),equals(pipeline().parameters.p_execution_num,'8'))",
                                    "type": "Expression"
                                },
                                "ifTrueActivities": [
                                    {
                                        "name": "ExecuteProfiseeStoredProcedure",
                                        "type": "SqlServerStoredProcedure",
                                        "dependsOn": [],
                                        "policy": {
                                            "timeout": "0.12:00:00",
                                            "retry": 0,
                                            "retryIntervalInSeconds": 30,
                                            "secureOutput": false,
                                            "secureInput": false
                                        },
                                        "userProperties": [],
                                        "typeProperties": {
                                            "storedProcedureName": {
                                                "value": "@variables('profisee_stored_procedure')",
                                                "type": "Expression"
                                            }
                                        },
                                        "linkedServiceName": {
                                            "referenceName": "ls_hdr_datalandingzone_profisee_sql",
                                            "type": "LinkedServiceReference"
                                        }
                                    }
                                ]
                            }
                        }
                    ]
                }
            },
            {
                "name": "SuccessExecutionNumber",
                "type": "SqlServerStoredProcedure",
                "dependsOn": [
                    {
                        "activity": "IterateThroughStoredProcedures",
                        "dependencyConditions": [
                            "Succeeded"
                        ]
                    }
                ],
                "policy": {
                    "timeout": "0.12:00:00",
                    "retry": 0,
                    "retryIntervalInSeconds": 30,
                    "secureOutput": false,
                    "secureInput": false
                },
                "userProperties": [],
                "typeProperties": {
                    "storedProcedureName": "[dbo].[sp_ConsolidatedLogging]",
                    "storedProcedureParameters": {
                        "PipelineRunId": {
                            "value": {
                                "value": "@pipeline().parameters.master_pipeline_run_id",
                                "type": "Expression"
                            },
                            "type": "String"
                        },
                        "PipelineId": {
                            "value": {
                                "value": "@pipeline().parameters.pipeline_id",
                                "type": "Expression"
                            },
                            "type": "Int32"
                        },
                        "DatasetId": {
                            "value": null,
                            "type": "Int32"
                        },
                        "PipelineName": {
                            "value": {
                                "value": "@pipeline().parameters.child_pipeline_name",
                                "type": "Expression"
                            },
                            "type": "String"
                        },
                        "StartDateTime": {
                            "value": {
                                "value": "@pipeline().TriggerTime",
                                "type": "Expression"
                            },
                            "type": "Datetime"
                        },
                        "PipelineStatus": {
                            "value": {
                                "value": "S",
                                "type": "Expression"
                            },
                            "type": "String"
                        },
                        "EndDateTime": {
                            "value": {
                                "value": "@utcnow()",
                                "type": "Expression"
                            },
                            "type": "Datetime"
                        },
                        "ErrorMessage": {
                            "value": {
                                "value": "No Errors",
                                "type": "Expression"
                            },
                            "type": "String"
                        },
                        "TruncateCurrentLogInd": {
                            "value": {
                                "value": "0",
                                "type": "Expression"
                            },
                            "type": "Int32"
                        },
                        "InsertEXELogInd": {
                            "value": {
                                "value": "1",
                                "type": "Expression"
                            },
                            "type": "Int32"
                        },
                        "InsertDTLogInd": {
                            "value": {
                                "value": "0",
                                "type": "Expression"
                            },
                            "type": "Int32"
                        },
                        "InsertCurrentLogInd": {
                            "value": {
                                "value": "1",
                                "type": "Expression"
                            },
                            "type": "Int32"
                        },
                        "UpdateCurrentLogInd": {
                            "value": {
                                "value": "0",
                                "type": "Expression"
                            },
                            "type": "Int32"
                        }
                    }
                },
                "linkedServiceName": {
                    "referenceName": "ls_sql_azure",
                    "type": "LinkedServiceReference",
                    "parameters": {
                        "p_connection_string_kv_secret_name": {
                            "value": "@if(equals(pipeline().parameters.environment,'DEV'),'sqldb-hdr-datalandingzone-health-connection-string','sqldb-hdr-datazonehealth-config-connection-string-prd')",
                            "type": "Expression"
                        }
                    }
                }
            },
            {
                "name": "FailedExecutionNumber",
                "type": "SqlServerStoredProcedure",
                "dependsOn": [
                    {
                        "activity": "IterateThroughStoredProcedures",
                        "dependencyConditions": [
                            "Failed"
                        ]
                    }
                ],
                "policy": {
                    "timeout": "0.12:00:00",
                    "retry": 0,
                    "retryIntervalInSeconds": 30,
                    "secureOutput": false,
                    "secureInput": false
                },
                "userProperties": [],
                "typeProperties": {
                    "storedProcedureName": "[dbo].[sp_ConsolidatedLogging]",
                    "storedProcedureParameters": {
                        "PipelineRunId": {
                            "value": {
                                "value": "@pipeline().parameters.master_pipeline_run_id",
                                "type": "Expression"
                            },
                            "type": "String"
                        },
                        "PipelineId": {
                            "value": {
                                "value": "@pipeline().parameters.pipeline_id",
                                "type": "Expression"
                            },
                            "type": "Int32"
                        },
                        "DatasetId": {
                            "value": null,
                            "type": "Int32"
                        },
                        "PipelineName": {
                            "value": {
                                "value": "@pipeline().parameters.child_pipeline_name",
                                "type": "Expression"
                            },
                            "type": "String"
                        },
                        "StartDateTime": {
                            "value": {
                                "value": "@pipeline().TriggerTime",
                                "type": "Expression"
                            },
                            "type": "Datetime"
                        },
                        "PipelineStatus": {
                            "value": {
                                "value": "F",
                                "type": "Expression"
                            },
                            "type": "String"
                        },
                        "EndDateTime": {
                            "value": {
                                "value": "@utcnow()",
                                "type": "Expression"
                            },
                            "type": "Datetime"
                        },
                        "ErrorMessage": {
                            "value": {
                                "value": "@concat('Execution of the stored procedure failed. For more details, kindly check the following runid  monitor',' :',pipeline().RunId)",
                                "type": "Expression"
                            },
                            "type": "String"
                        },
                        "TruncateCurrentLogInd": {
                            "value": {
                                "value": "0",
                                "type": "Expression"
                            },
                            "type": "Int32"
                        },
                        "InsertEXELogInd": {
                            "value": {
                                "value": "1",
                                "type": "Expression"
                            },
                            "type": "Int32"
                        },
                        "InsertDTLogInd": {
                            "value": {
                                "value": "0",
                                "type": "Expression"
                            },
                            "type": "Int32"
                        },
                        "InsertCurrentLogInd": {
                            "value": {
                                "value": "1",
                                "type": "Expression"
                            },
                            "type": "Int32"
                        },
                        "UpdateCurrentLogInd": {
                            "value": {
                                "value": "0",
                                "type": "Expression"
                            },
                            "type": "Int32"
                        }
                    }
                },
                "linkedServiceName": {
                    "referenceName": "ls_sql_azure",
                    "type": "LinkedServiceReference",
                    "parameters": {
                        "p_connection_string_kv_secret_name": {
                            "value": "@if(equals(pipeline().parameters.environment,'DEV'),'sqldb-hdr-datalandingzone-health-connection-string','sqldb-hdr-datazonehealth-config-connection-string-prd')",
                            "type": "Expression"
                        }
                    }
                }
            },
            {
                "name": "NotebookFailedEXECur",
                "type": "SqlServerStoredProcedure",
                "dependsOn": [
                    {
                        "activity": "IterateThroughTables",
                        "dependencyConditions": [
                            "Failed"
                        ]
                    }
                ],
                "policy": {
                    "timeout": "0.12:00:00",
                    "retry": 0,
                    "retryIntervalInSeconds": 30,
                    "secureOutput": false,
                    "secureInput": false
                },
                "userProperties": [],
                "typeProperties": {
                    "storedProcedureName": "[dbo].[sp_ConsolidatedLogging]",
                    "storedProcedureParameters": {
                        "PipelineRunId": {
                            "value": {
                                "value": "@pipeline().parameters.master_pipeline_run_id",
                                "type": "Expression"
                            },
                            "type": "String"
                        },
                        "PipelineId": {
                            "value": {
                                "value": "@pipeline().parameters.pipeline_id",
                                "type": "Expression"
                            },
                            "type": "Int32"
                        },
                        "DatasetId": {
                            "value": null,
                            "type": "Int32"
                        },
                        "PipelineName": {
                            "value": {
                                "value": "@pipeline().parameters.child_pipeline_name",
                                "type": "Expression"
                            },
                            "type": "String"
                        },
                        "StartDateTime": {
                            "value": {
                                "value": "@pipeline().TriggerTime",
                                "type": "Expression"
                            },
                            "type": "Datetime"
                        },
                        "PipelineStatus": {
                            "value": {
                                "value": "F",
                                "type": "Expression"
                            },
                            "type": "String"
                        },
                        "EndDateTime": {
                            "value": {
                                "value": "@utcnow()",
                                "type": "Expression"
                            },
                            "type": "Datetime"
                        },
                        "ErrorMessage": {
                            "value": {
                                "value": "@concat('Notebook execution failed. For more error information check the PipelineDTLog table with following run id: ',pipeline().parameters.master_pipeline_run_id)",
                                "type": "Expression"
                            },
                            "type": "String"
                        },
                        "TruncateCurrentLogInd": {
                            "value": {
                                "value": "0",
                                "type": "Expression"
                            },
                            "type": "Int32"
                        },
                        "InsertEXELogInd": {
                            "value": {
                                "value": "1",
                                "type": "Expression"
                            },
                            "type": "Int32"
                        },
                        "InsertDTLogInd": {
                            "value": {
                                "value": "0",
                                "type": "Expression"
                            },
                            "type": "Int32"
                        },
                        "InsertCurrentLogInd": {
                            "value": {
                                "value": "1",
                                "type": "Expression"
                            },
                            "type": "Int32"
                        },
                        "UpdateCurrentLogInd": {
                            "value": {
                                "value": "0",
                                "type": "Expression"
                            },
                            "type": "Int32"
                        }
                    }
                },
                "linkedServiceName": {
                    "referenceName": "ls_sql_azure",
                    "type": "LinkedServiceReference",
                    "parameters": {
                        "p_connection_string_kv_secret_name": {
                            "value": "@if(equals(pipeline().parameters.environment,'DEV'),'sqldb-hdr-datalandingzone-health-connection-string','sqldb-hdr-datazonehealth-config-connection-string-prd')",
                            "type": "Expression"
                        }
                    }
                }
            },
            {
                "name": "CheckLastExecutionOrd",
                "type": "IfCondition",
                "dependsOn": [
                    {
                        "activity": "IterateThroughStoredProcedures",
                        "dependencyConditions": [
                            "Succeeded"
                        ]
                    }
                ],
                "userProperties": [],
                "typeProperties": {
                    "expression": {
                        "value": "@equals(pipeline().parameters.p_execution_num,pipeline().parameters.last_execution_order)",
                        "type": "Expression"
                    },
                    "ifTrueActivities": [
                        {
                            "name": "CurEXElogMasterPipelineSuccess",
                            "type": "SqlServerStoredProcedure",
                            "dependsOn": [],
                            "policy": {
                                "timeout": "0.12:00:00",
                                "retry": 0,
                                "retryIntervalInSeconds": 30,
                                "secureOutput": false,
                                "secureInput": false
                            },
                            "userProperties": [],
                            "typeProperties": {
                                "storedProcedureName": "[dbo].[sp_ConsolidatedLogging]",
                                "storedProcedureParameters": {
                                    "PipelineRunId": {
                                        "value": {
                                            "value": "@pipeline().parameters.master_pipeline_run_id",
                                            "type": "Expression"
                                        },
                                        "type": "String"
                                    },
                                    "PipelineId": {
                                        "value": null,
                                        "type": "Int32"
                                    },
                                    "DatasetId": {
                                        "value": null,
                                        "type": "Int32"
                                    },
                                    "PipelineName": {
                                        "value": {
                                            "value": "E2EMasterPipeline",
                                            "type": "Expression"
                                        },
                                        "type": "String"
                                    },
                                    "StartDateTime": {
                                        "value": {
                                            "value": "@pipeline().TriggerTime",
                                            "type": "Expression"
                                        },
                                        "type": "Datetime"
                                    },
                                    "PipelineStatus": {
                                        "value": {
                                            "value": "S",
                                            "type": "Expression"
                                        },
                                        "type": "String"
                                    },
                                    "EndDateTime": {
                                        "value": {
                                            "value": "@utcnow()",
                                            "type": "Expression"
                                        },
                                        "type": "Datetime"
                                    },
                                    "ErrorMessage": {
                                        "value": {
                                            "value": "No Errors",
                                            "type": "Expression"
                                        },
                                        "type": "String"
                                    },
                                    "TruncateCurrentLogInd": {
                                        "value": {
                                            "value": "0",
                                            "type": "Expression"
                                        },
                                        "type": "Int32"
                                    },
                                    "InsertEXELogInd": {
                                        "value": {
                                            "value": "0",
                                            "type": "Expression"
                                        },
                                        "type": "Int32"
                                    },
                                    "InsertDTLogInd": {
                                        "value": {
                                            "value": "0",
                                            "type": "Expression"
                                        },
                                        "type": "Int32"
                                    },
                                    "InsertCurrentLogInd": {
                                        "value": {
                                            "value": "0",
                                            "type": "Expression"
                                        },
                                        "type": "Int32"
                                    },
                                    "UpdateCurrentLogInd": {
                                        "value": {
                                            "value": "1",
                                            "type": "Expression"
                                        },
                                        "type": "Int32"
                                    }
                                }
                            },
                            "linkedServiceName": {
                                "referenceName": "ls_sql_azure",
                                "type": "LinkedServiceReference",
                                "parameters": {
                                    "p_connection_string_kv_secret_name": {
                                        "value": "@if(equals(pipeline().parameters.environment,'DEV'),'sqldb-hdr-datalandingzone-health-connection-string','sqldb-hdr-datazonehealth-config-connection-string-prd')",
                                        "type": "Expression"
                                    }
                                }
                            }
                        }
                    ]
                }
            }
        ],
        "parameters": {
            "p_execution_num": {
                "type": "string"
            },
            "master_pipeline_run_id": {
                "type": "string"
            },
            "master_pipeline_name": {
                "type": "string"
            },
            "pipeline_id": {
                "type": "string"
            },
            "child_pipeline_name": {
                "type": "string"
            },
            "last_execution_order": {
                "type": "string"
            },
            "environment": {
                "type": "string"
            }
        },
        "variables": {
            "master_pipeline_trigger": {
                "type": "String"
            },
            "pipeline_id": {
                "type": "String"
            },
            "pipeline_name": {
                "type": "String"
            },
            "profisee_stored_procedure": {
                "type": "String"
            }
        },
        "folder": {
            "name": "Standardized to Curated"
        },
        "annotations": [],
        "lastPublishTime": "2023-08-08T16:13:34Z"
    },
    "type": "Microsoft.Synapse/workspaces/pipelines"
}