{
    "name": "pl_profisee_matching_provider",
    "properties": {
        "activities": [
            {
                "name": "TriggerMatching",
                "type": "WebActivity",
                "dependsOn": [
                    {
                        "activity": "RepeatUntilStatusCheckCompletion",
                        "dependencyConditions": [
                            "Succeeded"
                        ]
                    }
                ],
                "policy": {
                    "timeout": "0.12:00:00",
                    "retry": 0,
                    "retryIntervalInSeconds": 30,
                    "secureOutput": false,
                    "secureInput": false
                },
                "userProperties": [],
                "typeProperties": {
                    "method": "POST",
                    "headers": {
                        "x-api-key": {
                            "value": "@if(equals(pipeline().parameters.environment,'DEV'),'cea62fcdbe54416b858d85af42024c2a','f6615686335340f89f6f752ec777165c')",
                            "type": "Expression"
                        }
                    },
                    "url": {
                        "value": "@variables('uriPOSTmatching_provider')\n",
                        "type": "Expression"
                    },
                    "connectVia": {
                        "referenceName": "AutoResolveIntegrationRuntime",
                        "type": "IntegrationRuntimeReference"
                    },
                    "body": {
                        "actions": [
                            "IncludeSurvivorship"
                        ]
                    }
                }
            },
            {
                "name": "Wait2",
                "type": "Wait",
                "dependsOn": [
                    {
                        "activity": "TriggerMatching",
                        "dependencyConditions": [
                            "Succeeded"
                        ]
                    }
                ],
                "userProperties": [],
                "typeProperties": {
                    "waitTimeInSeconds": 300
                }
            },
            {
                "name": "RepeatUntilStatusCheckCompletion",
                "type": "Until",
                "dependsOn": [
                    {
                        "activity": "SetEnvVariable",
                        "dependencyConditions": [
                            "Succeeded"
                        ]
                    }
                ],
                "userProperties": [],
                "typeProperties": {
                    "expression": {
                        "value": "@or(\n    or(\n    equals(variables('getmatchingstatus'),'0'),\n    equals(variables('getmatchingstatus'),'98')),\n    equals(variables('getmatchingstatus'),'99'))\n    ",
                        "type": "Expression"
                    },
                    "activities": [
                        {
                            "name": "RepeatcheckMatchingisComplete",
                            "type": "WebActivity",
                            "dependsOn": [],
                            "policy": {
                                "timeout": "0.12:00:00",
                                "retry": 0,
                                "retryIntervalInSeconds": 30,
                                "secureOutput": false,
                                "secureInput": false
                            },
                            "userProperties": [],
                            "typeProperties": {
                                "method": "GET",
                                "headers": {
                                    "x-api-key": {
                                        "value": "@if(equals(pipeline().parameters.environment,'DEV'),'cea62fcdbe54416b858d85af42024c2a','f6615686335340f89f6f752ec777165c')",
                                        "type": "Expression"
                                    }
                                },
                                "url": {
                                    "value": "@variables('uriGETmatching')",
                                    "type": "Expression"
                                },
                                "connectVia": {
                                    "referenceName": "AutoResolveIntegrationRuntime",
                                    "type": "IntegrationRuntimeReference"
                                }
                            }
                        },
                        {
                            "name": "Get Matching Status_repeat",
                            "type": "SetVariable",
                            "dependsOn": [
                                {
                                    "activity": "RepeatcheckMatchingisComplete",
                                    "dependencyConditions": [
                                        "Succeeded"
                                    ]
                                }
                            ],
                            "policy": {
                                "secureOutput": false,
                                "secureInput": false
                            },
                            "userProperties": [],
                            "typeProperties": {
                                "variableName": "getmatchingstatus",
                                "value": {
                                    "value": "@string(activity('RepeatcheckMatchingisComplete').output.data[int(variables('provider'))].processingStatus)",
                                    "type": "Expression"
                                }
                            }
                        },
                        {
                            "name": "If Condition1",
                            "type": "IfCondition",
                            "dependsOn": [
                                {
                                    "activity": "Get Matching Status_repeat",
                                    "dependencyConditions": [
                                        "Succeeded"
                                    ]
                                }
                            ],
                            "userProperties": [],
                            "typeProperties": {
                                "expression": {
                                    "value": "@or(    or(    equals(variables('getmatchingstatus'),'0'),    equals(variables('getmatchingstatus'),'98')),    equals(variables('getmatchingstatus'),'99'))    ",
                                    "type": "Expression"
                                },
                                "ifFalseActivities": [
                                    {
                                        "name": "Waitfalse_1",
                                        "type": "Wait",
                                        "dependsOn": [],
                                        "userProperties": [],
                                        "typeProperties": {
                                            "waitTimeInSeconds": 900
                                        }
                                    }
                                ],
                                "ifTrueActivities": [
                                    {
                                        "name": "Wait1",
                                        "type": "Wait",
                                        "dependsOn": [],
                                        "userProperties": [],
                                        "typeProperties": {
                                            "waitTimeInSeconds": 2
                                        }
                                    }
                                ]
                            }
                        }
                    ],
                    "timeout": "0.12:00:00"
                }
            },
            {
                "name": "AfterTriggerRepeatUntilStatusCheckCompletion",
                "type": "Until",
                "dependsOn": [
                    {
                        "activity": "Switch1",
                        "dependencyConditions": [
                            "Succeeded"
                        ]
                    }
                ],
                "userProperties": [],
                "typeProperties": {
                    "expression": {
                        "value": "@or(\n    or(\n    equals(variables('getmatchingstatus'),'0'),\n    equals(variables('getmatchingstatus'),'98')),\n    equals(variables('getmatchingstatus'),'99'))\n    ",
                        "type": "Expression"
                    },
                    "activities": [
                        {
                            "name": "AfterTriggerRepeatcheckMatchingisComplete",
                            "type": "WebActivity",
                            "dependsOn": [],
                            "policy": {
                                "timeout": "0.12:00:00",
                                "retry": 0,
                                "retryIntervalInSeconds": 30,
                                "secureOutput": false,
                                "secureInput": false
                            },
                            "userProperties": [],
                            "typeProperties": {
                                "method": "GET",
                                "headers": {
                                    "x-api-key": {
                                        "value": "@if(equals(pipeline().parameters.environment,'DEV'),'cea62fcdbe54416b858d85af42024c2a','f6615686335340f89f6f752ec777165c')",
                                        "type": "Expression"
                                    }
                                },
                                "url": {
                                    "value": "@variables('uriGETmatching')",
                                    "type": "Expression"
                                },
                                "connectVia": {
                                    "referenceName": "AutoResolveIntegrationRuntime",
                                    "type": "IntegrationRuntimeReference"
                                }
                            }
                        },
                        {
                            "name": "afterTriggerGetMatchingStatus_repeat",
                            "type": "SetVariable",
                            "dependsOn": [
                                {
                                    "activity": "AfterTriggerRepeatcheckMatchingisComplete",
                                    "dependencyConditions": [
                                        "Succeeded"
                                    ]
                                }
                            ],
                            "policy": {
                                "secureOutput": false,
                                "secureInput": false
                            },
                            "userProperties": [],
                            "typeProperties": {
                                "variableName": "getmatchingstatus",
                                "value": {
                                    "value": "@string(activity('AfterTriggerRepeatcheckMatchingisComplete').output.data[int(variables('provider'))].processingStatus)",
                                    "type": "Expression"
                                }
                            }
                        },
                        {
                            "name": "If Condition_resultchk",
                            "type": "IfCondition",
                            "dependsOn": [
                                {
                                    "activity": "afterTriggerGetMatchingStatus_repeat",
                                    "dependencyConditions": [
                                        "Succeeded"
                                    ]
                                }
                            ],
                            "userProperties": [],
                            "typeProperties": {
                                "expression": {
                                    "value": "@or(    or(    equals(variables('getmatchingstatus'),'0'),    equals(variables('getmatchingstatus'),'98')),    equals(variables('getmatchingstatus'),'99'))    ",
                                    "type": "Expression"
                                },
                                "ifFalseActivities": [
                                    {
                                        "name": "WaitFalse",
                                        "type": "Wait",
                                        "dependsOn": [],
                                        "userProperties": [],
                                        "typeProperties": {
                                            "waitTimeInSeconds": 900
                                        }
                                    }
                                ],
                                "ifTrueActivities": [
                                    {
                                        "name": "WaitTrue",
                                        "type": "Wait",
                                        "dependsOn": [],
                                        "userProperties": [],
                                        "typeProperties": {
                                            "waitTimeInSeconds": 2
                                        }
                                    }
                                ]
                            }
                        }
                    ],
                    "timeout": "0.12:00:00"
                }
            },
            {
                "name": "Switch1",
                "type": "Switch",
                "dependsOn": [
                    {
                        "activity": "GetMatchingStatus",
                        "dependencyConditions": [
                            "Succeeded"
                        ]
                    }
                ],
                "userProperties": [],
                "typeProperties": {
                    "on": {
                        "value": "@if(\n    equals(variables('getmatchingstatus'),'100'), 'Error',\n    if(    \n        equals(variables('getmatchingstatus'),'0'), \t\t'Success',\n        if(\n\t\tequals(variables('getmatchingstatus'),'98'),        'Success',\n        if(\n            equals(variables('getmatchingstatus'),'99'), 'Cancelled','Wait'\n            )\n            )\n            )\n\t\t\t)",
                        "type": "Expression"
                    },
                    "cases": [
                        {
                            "value": "Error",
                            "activities": [
                                {
                                    "name": "Fail1",
                                    "type": "Fail",
                                    "dependsOn": [],
                                    "userProperties": [],
                                    "typeProperties": {
                                        "message": {
                                            "value": "\"StatusCode indicates that the pipeline ended in Error. MDM Team to validate and manually Trigger the pipeline before DE Executes rest of the table load\"",
                                            "type": "Expression"
                                        },
                                        "errorCode": {
                                            "value": "@variables('getmatchingstatus')",
                                            "type": "Expression"
                                        }
                                    }
                                }
                            ]
                        },
                        {
                            "value": "Cancelled",
                            "activities": [
                                {
                                    "name": "Fail_forCancelled",
                                    "type": "Fail",
                                    "dependsOn": [],
                                    "userProperties": [],
                                    "typeProperties": {
                                        "message": {
                                            "value": "\"StatusCode indicates that the pipeline has been cancelled. MDM Team to validate and manually Trigger the pipeline before DE Executes rest of the table load\"",
                                            "type": "Expression"
                                        },
                                        "errorCode": {
                                            "value": "@variables('getmatchingstatus')",
                                            "type": "Expression"
                                        }
                                    }
                                }
                            ]
                        }
                    ]
                }
            },
            {
                "name": "GetMatchingStatus",
                "type": "SetVariable",
                "dependsOn": [
                    {
                        "activity": "checkMatchingisComplete",
                        "dependencyConditions": [
                            "Succeeded"
                        ]
                    }
                ],
                "policy": {
                    "secureOutput": false,
                    "secureInput": false
                },
                "userProperties": [],
                "typeProperties": {
                    "variableName": "getmatchingstatus",
                    "value": {
                        "value": "@string(activity('checkMatchingisComplete').output.data[int(variables('provider'))].processingStatus)",
                        "type": "Expression"
                    }
                }
            },
            {
                "name": "checkMatchingisComplete",
                "type": "WebActivity",
                "dependsOn": [
                    {
                        "activity": "Wait2",
                        "dependencyConditions": [
                            "Succeeded"
                        ]
                    }
                ],
                "policy": {
                    "timeout": "0.12:00:00",
                    "retry": 0,
                    "retryIntervalInSeconds": 30,
                    "secureOutput": false,
                    "secureInput": false
                },
                "userProperties": [],
                "typeProperties": {
                    "method": "GET",
                    "headers": {
                        "x-api-key": {
                            "value": "@if(equals(pipeline().parameters.environment,'DEV'),'cea62fcdbe54416b858d85af42024c2a','f6615686335340f89f6f752ec777165c')",
                            "type": "Expression"
                        }
                    },
                    "url": {
                        "value": "@variables('uriGETmatching')",
                        "type": "Expression"
                    },
                    "connectVia": {
                        "referenceName": "AutoResolveIntegrationRuntime",
                        "type": "IntegrationRuntimeReference"
                    }
                }
            },
            {
                "name": "SetEnvVariable",
                "type": "IfCondition",
                "dependsOn": [],
                "userProperties": [],
                "typeProperties": {
                    "expression": {
                        "value": "@equals(pipeline().parameters.environment,'DEV')",
                        "type": "Expression"
                    },
                    "ifFalseActivities": [
                        {
                            "name": "GetMatchingPRD",
                            "type": "SetVariable",
                            "dependsOn": [],
                            "policy": {
                                "secureOutput": false,
                                "secureInput": false
                            },
                            "userProperties": [],
                            "typeProperties": {
                                "variableName": "uriGETmatching",
                                "value": {
                                    "value": "https://hdrns-mdm-prod.canadacentral.cloudapp.azure.com/Profisee/rest/v1/Matching",
                                    "type": "Expression"
                                }
                            }
                        },
                        {
                            "name": "TriggerMatchingPRD",
                            "type": "SetVariable",
                            "dependsOn": [
                                {
                                    "activity": "GetMatchingPRD",
                                    "dependencyConditions": [
                                        "Succeeded"
                                    ]
                                }
                            ],
                            "policy": {
                                "secureOutput": false,
                                "secureInput": false
                            },
                            "userProperties": [],
                            "typeProperties": {
                                "variableName": "uriPOSTmatching_provider",
                                "value": {
                                    "value": "https://hdrns-mdm-prod.canadacentral.cloudapp.azure.com/profisee/rest/v1/Matching/Provider/processActions",
                                    "type": "Expression"
                                }
                            }
                        }
                    ],
                    "ifTrueActivities": [
                        {
                            "name": "GetMatchingDEV",
                            "type": "SetVariable",
                            "dependsOn": [],
                            "policy": {
                                "secureOutput": false,
                                "secureInput": false
                            },
                            "userProperties": [],
                            "typeProperties": {
                                "variableName": "uriGETmatching",
                                "value": {
                                    "value": "https://profiseemdm-devtest001.canadacentral.cloudapp.azure.com/profisee/rest/v1/Matching",
                                    "type": "Expression"
                                }
                            }
                        },
                        {
                            "name": "TriggerMatchingDEV",
                            "type": "SetVariable",
                            "dependsOn": [
                                {
                                    "activity": "GetMatchingDEV",
                                    "dependencyConditions": [
                                        "Succeeded"
                                    ]
                                }
                            ],
                            "policy": {
                                "secureOutput": false,
                                "secureInput": false
                            },
                            "userProperties": [],
                            "typeProperties": {
                                "variableName": "uriPOSTmatching_provider",
                                "value": {
                                    "value": "https://profiseemdm-devtest001.canadacentral.cloudapp.azure.com/profisee/rest/v1/Matching/Provider/processActions",
                                    "type": "Expression"
                                }
                            }
                        }
                    ]
                }
            }
        ],
        "parameters": {
            "environment": {
                "type": "string"
            }
        },
        "variables": {
            "getmatchingstatus": {
                "type": "String"
            },
            "resultcount": {
                "type": "String"
            },
            "uriGETmatching": {
                "type": "String"
            },
            "uriPOSTmatching_address": {
                "type": "String",
                "defaultValue": "https://profiseemdm-devtest001.canadacentral.cloudapp.azure.com/profisee/rest/v1/Matching/Address/processActions"
            },
            "uriPOSTmatching_client": {
                "type": "String",
                "defaultValue": "https://profiseemdm-devtest001.canadacentral.cloudapp.azure.com/profisee/rest/v1/Matching/Client/processActions"
            },
            "uriPOSTmatching_provider": {
                "type": "String"
            },
            "address": {
                "type": "String",
                "defaultValue": "0"
            },
            "client": {
                "type": "String",
                "defaultValue": "1"
            },
            "provider": {
                "type": "String",
                "defaultValue": "2"
            }
        },
        "folder": {
            "name": "Standardized to Curated"
        },
        "annotations": [],
        "lastPublishTime": "2023-08-08T16:11:52Z"
    },
    "type": "Microsoft.Synapse/workspaces/pipelines"
}