{
    "name": "pl_profisee_exeaddressverification",
    "properties": {
        "activities": [
            {
                "name": "RepeatUntilTotalRecZero",
                "type": "Until",
                "dependsOn": [
                    {
                        "activity": "SetInitialInd",
                        "dependencyConditions": [
                            "Succeeded"
                        ]
                    }
                ],
                "userProperties": [],
                "typeProperties": {
                    "expression": {
                        "value": "@equals(variables('VerfCompletionInd'),'True')",
                        "type": "Expression"
                    },
                    "activities": [
                        {
                            "name": "CheckProfiseeStatusCode",
                            "type": "Lookup",
                            "dependsOn": [],
                            "policy": {
                                "timeout": "0.12:00:00",
                                "retry": 0,
                                "retryIntervalInSeconds": 30,
                                "secureOutput": false,
                                "secureInput": false
                            },
                            "userProperties": [],
                            "typeProperties": {
                                "source": {
                                    "type": "AzureSqlSource",
                                    "sqlReaderQuery": "Select avp.StatusID\nfrom [meta].[tAddressVerificationStrategyProcess] avp\nINNER JOIN meta.tAddressVerificationStrategy avs ON avs.ID = avp.StrategyID\nINNER JOIN meta.tEntity e ON e.UID = avs.EntityID\nWHERE\ne.Name = 'Address' AND ProcessStartdtm = (select max(Processstartdtm) from [meta].[tAddressVerificationStrategyProcess])",
                                    "queryTimeout": "02:00:00",
                                    "partitionOption": "None"
                                },
                                "dataset": {
                                    "referenceName": "ds_profisee",
                                    "type": "DatasetReference",
                                    "parameters": {
                                        "tablename": "[tAddressVerificationStrategyProcess]",
                                        "schemaname": "meta"
                                    }
                                },
                                "firstRowOnly": false
                            }
                        },
                        {
                            "name": "ProfiseeStatusCode",
                            "type": "SetVariable",
                            "dependsOn": [
                                {
                                    "activity": "CheckProfiseeStatusCode",
                                    "dependencyConditions": [
                                        "Succeeded"
                                    ]
                                }
                            ],
                            "policy": {
                                "secureOutput": false,
                                "secureInput": false
                            },
                            "userProperties": [],
                            "typeProperties": {
                                "variableName": "profiseestatuscode",
                                "value": {
                                    "value": "@string(activity('CheckProfiseeStatusCode').output.value[0].StatusID)",
                                    "type": "Expression"
                                }
                            }
                        },
                        {
                            "name": "SwitchForStatusCode",
                            "type": "Switch",
                            "dependsOn": [
                                {
                                    "activity": "ProfiseeStatusCode",
                                    "dependencyConditions": [
                                        "Succeeded"
                                    ]
                                }
                            ],
                            "userProperties": [],
                            "typeProperties": {
                                "on": {
                                    "value": "@variables('profiseestatuscode')",
                                    "type": "Expression"
                                },
                                "cases": [
                                    {
                                        "value": "100",
                                        "activities": [
                                            {
                                                "name": "ProfiseeJobFailed",
                                                "type": "Fail",
                                                "dependsOn": [],
                                                "userProperties": [],
                                                "typeProperties": {
                                                    "message": "Pipeline failed due to Address verification job failed at Profisee",
                                                    "errorCode": "100"
                                                }
                                            },
                                            {
                                                "name": "SetVerificationTriggerIndForFailed",
                                                "type": "SetVariable",
                                                "dependsOn": [],
                                                "policy": {
                                                    "secureOutput": false,
                                                    "secureInput": false
                                                },
                                                "userProperties": [],
                                                "typeProperties": {
                                                    "variableName": "VerfCompletionInd",
                                                    "value": "'False'"
                                                }
                                            }
                                        ]
                                    },
                                    {
                                        "value": "0",
                                        "activities": [
                                            {
                                                "name": "SetVerificationTriggerIndSuccessTrue",
                                                "type": "SetVariable",
                                                "dependsOn": [],
                                                "policy": {
                                                    "secureOutput": false,
                                                    "secureInput": false
                                                },
                                                "userProperties": [],
                                                "typeProperties": {
                                                    "variableName": "VerfCompletionInd",
                                                    "value": {
                                                        "value": "True",
                                                        "type": "Expression"
                                                    }
                                                }
                                            }
                                        ]
                                    }
                                ],
                                "defaultActivities": [
                                    {
                                        "name": "WaitForCompletion",
                                        "type": "Wait",
                                        "dependsOn": [],
                                        "userProperties": [],
                                        "typeProperties": {
                                            "waitTimeInSeconds": 900
                                        }
                                    }
                                ]
                            }
                        }
                    ],
                    "timeout": "0.12:00:00"
                }
            },
            {
                "name": "SetInitialInd",
                "type": "SetVariable",
                "dependsOn": [
                    {
                        "activity": "chkIfresultcountis0",
                        "dependencyConditions": [
                            "Succeeded"
                        ]
                    }
                ],
                "policy": {
                    "secureOutput": false,
                    "secureInput": false
                },
                "userProperties": [],
                "typeProperties": {
                    "variableName": "VerfCompletionInd",
                    "value": {
                        "value": "False",
                        "type": "Expression"
                    }
                }
            },
            {
                "name": "chkIfresultcountis0",
                "type": "IfCondition",
                "dependsOn": [
                    {
                        "activity": "SetVerificationTriggerIndicatorSQL",
                        "dependencyConditions": [
                            "Succeeded"
                        ]
                    }
                ],
                "userProperties": [],
                "typeProperties": {
                    "expression": {
                        "value": "@equals(variables('VerfCompletionInd'),'True')",
                        "type": "Expression"
                    },
                    "ifFalseActivities": [
                        {
                            "name": "VerificationAlreadyRunning",
                            "type": "Wait",
                            "dependsOn": [],
                            "userProperties": [],
                            "typeProperties": {
                                "waitTimeInSeconds": 2
                            }
                        }
                    ],
                    "ifTrueActivities": [
                        {
                            "name": "WaitForStartTrigger",
                            "type": "Wait",
                            "dependsOn": [
                                {
                                    "activity": "TriggerAddressVerificationStrategy",
                                    "dependencyConditions": [
                                        "Succeeded"
                                    ]
                                }
                            ],
                            "userProperties": [],
                            "typeProperties": {
                                "waitTimeInSeconds": 300
                            }
                        },
                        {
                            "name": "TriggerAddressVerificationStrategy",
                            "type": "WebActivity",
                            "dependsOn": [],
                            "policy": {
                                "timeout": "0.12:00:00",
                                "retry": 0,
                                "retryIntervalInSeconds": 30,
                                "secureOutput": false,
                                "secureInput": false
                            },
                            "userProperties": [
                                {
                                    "name": "TriggerAddressVerificationStrategy",
                                    "value": "TriggerAddressVerificationStrategy"
                                }
                            ],
                            "typeProperties": {
                                "method": "POST",
                                "headers": {
                                    "x-api-key": {
                                        "value": "@if(equals(pipeline().parameters.environment,'DEV'),'cea62fcdbe54416b858d85af42024c2a','f6615686335340f89f6f752ec777165c')",
                                        "type": "Expression"
                                    }
                                },
                                "url": {
                                    "value": "@variables('VerfPostUrl')",
                                    "type": "Expression"
                                },
                                "connectVia": {
                                    "referenceName": "AutoResolveIntegrationRuntime",
                                    "type": "IntegrationRuntimeReference"
                                },
                                "body": {
                                    "verificationTypesToInclude": [
                                        "mailing"
                                    ],
                                    "recordsToInclude": "Unverified"
                                }
                            }
                        }
                    ]
                }
            },
            {
                "name": "CheckForFailedorCompletedJob",
                "type": "Lookup",
                "dependsOn": [
                    {
                        "activity": "SetEnvVariable",
                        "dependencyConditions": [
                            "Succeeded"
                        ]
                    }
                ],
                "policy": {
                    "timeout": "0.12:00:00",
                    "retry": 0,
                    "retryIntervalInSeconds": 30,
                    "secureOutput": false,
                    "secureInput": false
                },
                "userProperties": [],
                "typeProperties": {
                    "source": {
                        "type": "AzureSqlSource",
                        "sqlReaderQuery": "SELECT avp.ID\nFROM meta.tAddressVerificationStrategyProcess  avp\nINNER JOIN meta.tAddressVerificationStrategy avs ON avs.ID = avp.StrategyID\nINNER JOIN meta.tEntity e ON e.UID = avs.EntityID\nWHERE\ne.Name = 'Address' AND avp.StatusID = 50",
                        "queryTimeout": "02:00:00",
                        "partitionOption": "None"
                    },
                    "dataset": {
                        "referenceName": "ds_profisee",
                        "type": "DatasetReference",
                        "parameters": {
                            "tablename": "[tAddressVerificationStrategyProcess]",
                            "schemaname": "meta"
                        }
                    },
                    "firstRowOnly": false
                }
            },
            {
                "name": "SetVerificationTriggerIndicatorSQL",
                "type": "SetVariable",
                "dependsOn": [
                    {
                        "activity": "CheckForFailedorCompletedJob",
                        "dependencyConditions": [
                            "Succeeded"
                        ]
                    }
                ],
                "policy": {
                    "secureOutput": false,
                    "secureInput": false
                },
                "userProperties": [],
                "typeProperties": {
                    "variableName": "VerfCompletionInd",
                    "value": {
                        "value": "@if(equals(activity('CheckForFailedorCompletedJob').output.count,0),'True','False')",
                        "type": "Expression"
                    }
                }
            },
            {
                "name": "SetEnvVariable",
                "type": "IfCondition",
                "dependsOn": [],
                "userProperties": [],
                "typeProperties": {
                    "expression": {
                        "value": "@equals(pipeline().parameters.environment,'DEV')",
                        "type": "Expression"
                    },
                    "ifFalseActivities": [
                        {
                            "name": "TriggerVerfUrlprd",
                            "type": "SetVariable",
                            "dependsOn": [],
                            "policy": {
                                "secureOutput": false,
                                "secureInput": false
                            },
                            "userProperties": [],
                            "typeProperties": {
                                "variableName": "VerfPostUrl",
                                "value": {
                                    "value": "https://hdrns-mdm-prod.canadacentral.cloudapp.azure.com/Profisee/rest/v1/AddressVerificationStrategies/Address/job",
                                    "type": "Expression"
                                }
                            }
                        }
                    ],
                    "ifTrueActivities": [
                        {
                            "name": "TriggerVerfUrl",
                            "type": "SetVariable",
                            "dependsOn": [],
                            "policy": {
                                "secureOutput": false,
                                "secureInput": false
                            },
                            "userProperties": [],
                            "typeProperties": {
                                "variableName": "VerfPostUrl",
                                "value": {
                                    "value": "https://profiseemdm-devtest001.canadacentral.cloudapp.azure.com/Profisee/rest/v1/AddressVerificationStrategies/Address/job",
                                    "type": "Expression"
                                }
                            }
                        }
                    ]
                }
            }
        ],
        "parameters": {
            "environment": {
                "type": "string"
            }
        },
        "variables": {
            "resultcount": {
                "type": "String"
            },
            "getnewurl": {
                "type": "String"
            },
            "readlastpageurl": {
                "type": "String"
            },
            "getmatchingstatus": {
                "type": "String"
            },
            "VerfCompletionInd": {
                "type": "String"
            },
            "profiseestatuscode": {
                "type": "String"
            },
            "VerfPostUrl": {
                "type": "String"
            }
        },
        "folder": {
            "name": "Standardized to Curated"
        },
        "annotations": [],
        "lastPublishTime": "2023-08-08T16:11:38Z"
    },
    "type": "Microsoft.Synapse/workspaces/pipelines"
}