{
    "name": "ls_dbricks",
    "type": "Microsoft.Synapse/workspaces/linkedservices",
    "properties": {
        "annotations": [],
        "type": "AzureDatabricks",
        "typeProperties": {
            "domain": "https://adb-4224813469077126.6.azuredatabricks.net",
            "authentication": "MSI",
            "workspaceResourceId": "/subscriptions/c2a58b00-fd0a-4383-be72-b2090238a6f1/resourceGroups/rg-hdr-datalandingzone-health-databricks-001/providers/Microsoft.Databricks/workspaces/dbw-hdr-datalz-health-devtest",
            "existingClusterId": "1114-065148-lp2fpgfr"
        }
    }
}