{
    "name": "ls_sql_azure",
    "type": "Microsoft.Synapse/workspaces/linkedservices",
    "properties": {
        "parameters": {
            "p_connection_string_kv_secret_name": {
                "type": "string"
            }
        },
        "annotations": [],
        "type": "SqlServer",
        "typeProperties": {
            "connectionString": {
                "type": "AzureKeyVaultSecret",
                "store": {
                    "referenceName": "ls_kv_hdr_datalzhlth_kv_001",
                    "type": "LinkedServiceReference"
                },
                "secretName": {
                    "value": "@linkedService().p_connection_string_kv_secret_name",
                    "type": "Expression"
                }
            },
            "alwaysEncryptedSettings": {
                "alwaysEncryptedAkvAuthType": "ManagedIdentity"
            }
        }
    }
}